{"cameraMode":{"drawMode":0,"name":"Shaded","section":"Shading Mode"},"sceneLighting":true,"audioPlay":false,"sceneViewState":{"m_AlwaysRefresh":true,"showFog":true,"showSkybox":true,"showFlares":true,"showImageEffects":true,"showParticleSystems":true,"showVisualEffectGraphs":true,"m_FxEnabled":true},"in2DMode":false,"pivot":{"x":9.49625015258789,"y":4.714765548706055,"z":-2.0497491359710695},"rotation":{"x":0.6475167274475098,"y":0.010286767035722733,"z":-0.008741977624595166,"w":0.7619324326515198},"size":22.707143783569337,"orthographic":true}